-- phpMyAdmin SQL Dump
-- version 5.2.0
-- https://www.phpmyadmin.net/
--
-- Host: localhost:3306
-- Generation Time: Dec 07, 2024 at 03:59 PM
-- Server version: 8.0.30
-- PHP Version: 8.1.10

SET SQL_MODE = "NO_AUTO_VALUE_ON_ZERO";
START TRANSACTION;
SET time_zone = "+00:00";


/*!40101 SET @OLD_CHARACTER_SET_CLIENT=@@CHARACTER_SET_CLIENT */;
/*!40101 SET @OLD_CHARACTER_SET_RESULTS=@@CHARACTER_SET_RESULTS */;
/*!40101 SET @OLD_COLLATION_CONNECTION=@@COLLATION_CONNECTION */;
/*!40101 SET NAMES utf8mb4 */;

--
-- Database: `database_nhom6fpoly`
--

-- --------------------------------------------------------

--
-- Table structure for table `diachi`
--

CREATE TABLE `diachi` (
  `id_diaChi` int NOT NULL,
  `id_khachHang` int DEFAULT NULL,
  `soDienTHoai` int DEFAULT NULL,
  `gioiTinh` enum('Nam','Nữ') DEFAULT NULL,
  `thanhPho` varchar(255) DEFAULT NULL,
  `quanHuyen` varchar(255) DEFAULT NULL,
  `xaPhuong` varchar(255) DEFAULT NULL,
  `diaChiChiTiet` varchar(255) DEFAULT NULL,
  `hoVaTen` varchar(255) NOT NULL,
  `isDefault` tinyint(1) DEFAULT '0'
) ENGINE=InnoDB DEFAULT CHARSET=utf8mb4 COLLATE=utf8mb4_0900_ai_ci;

--
-- Dumping data for table `diachi`
--

INSERT INTO `diachi` (`id_diaChi`, `id_khachHang`, `soDienTHoai`, `gioiTinh`, `thanhPho`, `quanHuyen`, `xaPhuong`, `diaChiChiTiet`, `hoVaTen`, `isDefault`) VALUES
(61, 3, 981175430, 'Nam', 'Hà Nội', 'Phúc Thọ', 'Xã Thọ Lộc', 'ngõ 27 thôn ổ thôn xã thọ lộc huyện phúc thọ Hà Nội', 'Kiều Trí Tiếp', 1),
(66, 21, 962874491, 'Nam', 'Hà Nội', 'Phúc Thọ', 'Xã Thọ Lộc', 'ngõ 27 thôn ổ thôn xã thọ lộc huyện phúc thọ Hà Nội', 'Kiều Trí Tiếp', 0);

-- --------------------------------------------------------

--
-- Table structure for table `madonhang`
--

CREATE TABLE `madonhang` (
  `id` int NOT NULL,
  `tienTo` varchar(20) DEFAULT NULL,
  `hauTo` int DEFAULT NULL
) ENGINE=InnoDB DEFAULT CHARSET=utf8mb4 COLLATE=utf8mb4_0900_ai_ci;

--
-- Dumping data for table `madonhang`
--

INSERT INTO `madonhang` (`id`, `tienTo`, `hauTo`) VALUES
(1, 'DH', 18),
(2, 'DH', 19),
(3, 'DH', 20),
(4, 'DH', 21),
(5, 'DH', 22),
(6, 'DH', 23),
(7, 'DH', 24),
(8, 'DH', 25),
(9, 'DH', 26),
(10, 'DH', 27),
(11, 'DH', 28),
(12, 'DH', 29),
(13, 'DH', 30),
(14, 'DH', 31),
(15, 'DH', 32),
(16, 'DH', 33),
(17, 'DH', 34),
(18, 'DH', 35),
(19, 'DH', 36),
(20, 'DH', 37),
(21, 'DH', 38),
(22, 'DH', 39),
(23, 'DH', 40),
(24, 'DH', 41),
(25, 'DH', 42),
(26, 'DH', 43),
(27, 'DH', 44),
(28, 'DH', 45),
(29, 'DH', 46),
(30, 'DH', 47),
(31, 'DH', 48),
(32, 'DH', 49),
(33, 'DH', 50),
(34, 'DH', 51),
(35, 'DH', 52),
(36, 'DH', 53),
(37, 'DH', 54),
(38, 'DH', 55),
(39, 'DH', 56),
(40, 'DH', 57),
(41, 'DH', 58),
(42, 'DH', 59),
(43, 'DH', 60),
(44, 'DH', 61),
(45, 'DH', 62),
(46, 'DH', 63),
(47, 'DH', 64),
(48, 'DH', 65),
(49, 'DH', 66),
(50, 'DH', 67),
(51, 'DH', 68),
(52, 'DH', 69),
(53, 'DH', 70),
(54, 'DH', 71),
(55, 'DH', 72),
(56, 'DH', 73),
(57, 'DH', 74),
(58, 'DH', 75),
(59, 'DH', 76),
(60, 'DH', 77),
(61, 'DH', 78),
(62, 'DH', 79),
(63, 'DH', 80),
(64, 'DH', 81),
(65, 'DH', 82),
(66, 'DH', 83),
(67, 'DH', 84),
(68, 'DH', 85),
(69, 'DH', 86),
(70, 'DH', 87),
(71, 'DH', 88),
(72, 'DH', 89),
(73, 'DH', 90),
(74, 'DH', 91),
(75, 'DH', 92),
(76, 'DH', 93),
(77, 'DH', 94),
(78, 'DH', 95),
(79, 'DH', 96);

-- --------------------------------------------------------

--
-- Table structure for table `tb_anh`
--

CREATE TABLE `tb_anh` (
  `id_anh` int NOT NULL,
  `id_sanPham` int DEFAULT NULL,
  `file_anh` varchar(255) DEFAULT NULL,
  `loaiAnh` enum('chinh','phu') DEFAULT NULL
) ENGINE=InnoDB DEFAULT CHARSET=utf8mb4 COLLATE=utf8mb4_0900_ai_ci;

--
-- Dumping data for table `tb_anh`
--

INSERT INTO `tb_anh` (`id_anh`, `id_sanPham`, `file_anh`, `loaiAnh`) VALUES
(360, 103, 'https://cdn.tgdd.vn/Products/Images/42/329149/s16/iphone-16-pro-max-titan-den-thumbnew-650x650.png', 'chinh'),
(361, 103, './upload_subImage/1732421055_6742a5bfdcb3a_iphone-16-pro-max-titan-den-thumbnew-650x650.png', 'phu'),
(362, 103, './upload_subImage/1732421055_6742a5bfdd153_iphone-16-pro-max-black-titan-4-638621795342270903-650x650.jpg', 'phu'),
(363, 103, './upload_subImage/1732421055_6742a5bfdd47a_iphone-16-pro-max-black-titan-3-638621795335269017-650x650.jpg', 'phu'),
(364, 103, './upload_subImage/1732421055_6742a5bfdd78b_iphone-16-pro-max-black-titan-2-638621795327270679-650x650.jpg', 'phu'),
(365, 103, './upload_subImage/1732421055_6742a5bfddabc_iphone-16-pro-max-black-titan-1-638621795320281731-650x650.jpg', 'phu'),
(366, 104, './uploads/iphone-15-pink-1-2-650x650.png', 'chinh'),
(367, 104, './upload_subImage/1732445013_6743035588be6_iphone-15-pink-5-650x650.jpg', 'phu'),
(368, 104, './upload_subImage/1732445013_67430355891c7_iphone-15-pink-4-650x650.jpg', 'phu'),
(369, 104, './upload_subImage/1732445013_6743035589a47_iphone-15-pink-3-650x650.jpg', 'phu'),
(370, 104, './upload_subImage/1732445013_674303558a42a_iphone-15-pink-2-650x650.jpg', 'phu'),
(371, 104, './upload_subImage/1732445013_674303558ab0b_iphone-15-pink-1-650x650.jpg', 'phu'),
(372, 106, './uploads/iphone-16-pro-max-titan-den-thumbnew-650x650.png', 'chinh'),
(373, 106, './upload_subImage/1732791932_67484e7cbec00_iphone-16-pro-max-titan-den-thumbnew-650x650.png', 'phu'),
(374, 106, './upload_subImage/1732791932_67484e7cbf03d_iphone-16-pro-max-black-titan-4-638621795342270903-650x650.jpg', 'phu'),
(375, 106, './upload_subImage/1732791932_67484e7cbf5fe_iphone-16-pro-max-black-titan-3-638621795335269017-650x650.jpg', 'phu'),
(376, 106, './upload_subImage/1732791932_67484e7cbfb94_iphone-16-pro-max-black-titan-2-638621795327270679-650x650.jpg', 'phu'),
(377, 106, './upload_subImage/1732791932_67484e7cc006d_iphone-16-pro-max-black-titan-1-638621795320281731-650x650.jpg', 'phu'),
(378, 107, './uploads/iphone-16-pro-max-titan-den-thumbnew-650x650.png', 'chinh'),
(379, 107, './upload_subImage/1732792071_67484f070dec5_iphone-16-pro-max-titan-den-thumbnew-650x650.png', 'phu'),
(380, 107, './upload_subImage/1732792071_67484f070e22f_iphone-16-pro-max-black-titan-4-638621795342270903-650x650.jpg', 'phu'),
(381, 107, './upload_subImage/1732792071_67484f070e55c_iphone-16-pro-max-black-titan-3-638621795335269017-650x650.jpg', 'phu'),
(382, 107, './upload_subImage/1732792071_67484f070e7bc_iphone-16-pro-max-black-titan-2-638621795327270679-650x650.jpg', 'phu'),
(383, 107, './upload_subImage/1732792071_67484f070e9d7_iphone-16-pro-max-black-titan-1-638621795320281731-650x650.jpg', 'phu'),
(384, 108, './uploads/iphone-16-pro-max-titan-den-thumbnew-650x650.png', 'chinh'),
(385, 108, './upload_subImage/1732792118_67484f3697c0a_iphone-16-pro-max-titan-den-thumbnew-650x650.png', 'phu'),
(386, 108, './upload_subImage/1732792118_67484f3698291_iphone-16-pro-max-black-titan-4-638621795342270903-650x650.jpg', 'phu'),
(387, 108, './upload_subImage/1732792118_67484f3698b5a_iphone-16-pro-max-black-titan-3-638621795335269017-650x650.jpg', 'phu'),
(388, 108, './upload_subImage/1732792118_67484f36991d7_iphone-16-pro-max-black-titan-2-638621795327270679-650x650.jpg', 'phu'),
(389, 108, './upload_subImage/1732792118_67484f3699600_iphone-16-pro-max-black-titan-1-638621795320281731-650x650.jpg', 'phu'),
(390, 109, './uploads/iphone-16-pro-max-titan-den-thumbnew-650x650.png', 'chinh'),
(391, 109, './upload_subImage/1732796117_67485ed52e861_iphone-16-pro-max-titan-den-thumbnew-650x650.png', 'phu'),
(392, 109, './upload_subImage/1732796117_67485ed52eb58_iphone-16-pro-max-black-titan-4-638621795342270903-650x650.jpg', 'phu'),
(393, 109, './upload_subImage/1732796117_67485ed52ee7a_iphone-16-pro-max-black-titan-3-638621795335269017-650x650.jpg', 'phu'),
(394, 109, './upload_subImage/1732796117_67485ed52f113_iphone-16-pro-max-black-titan-2-638621795327270679-650x650.jpg', 'phu'),
(395, 109, './upload_subImage/1732796117_67485ed52f378_iphone-16-pro-max-black-titan-1-638621795320281731-650x650.jpg', 'phu'),
(396, 110, './uploads/iphone-15-pink-1-2-650x650.png', 'chinh'),
(397, 110, './upload_subImage/1732796556_6748608ce590c_iphone-15-pink-5-650x650.jpg', 'phu'),
(398, 110, './upload_subImage/1732796556_6748608ce5d1a_iphone-15-pink-4-650x650.jpg', 'phu'),
(399, 110, './upload_subImage/1732796556_6748608ce65d2_iphone-15-pink-3-650x650.jpg', 'phu'),
(400, 110, './upload_subImage/1732796556_6748608ce69fd_iphone-15-pink-2-650x650.jpg', 'phu'),
(401, 110, './upload_subImage/1732796556_6748608ce7152_iphone-15-pink-1-650x650.jpg', 'phu'),
(402, 110, './upload_subImage/1732796556_6748608ce76a1_iphone-15-pink-1-2-650x650.png', 'phu'),
(403, 111, '', 'chinh'),
(404, 111, './upload_subImage/1732796891_674861db9db0f_iphone-15-pink-5-650x650.jpg', 'phu'),
(405, 111, './upload_subImage/1732796891_674861db9defa_iphone-15-pink-4-650x650.jpg', 'phu'),
(406, 111, './upload_subImage/1732796891_674861db9e243_iphone-15-pink-3-650x650.jpg', 'phu'),
(407, 111, './upload_subImage/1732796891_674861db9e675_iphone-15-pink-2-650x650.jpg', 'phu'),
(408, 111, './upload_subImage/1732796891_674861db9e98c_iphone-15-pink-1-650x650.jpg', 'phu'),
(409, 111, './upload_subImage/1732796891_674861db9ecaf_iphone-15-pink-1-2-650x650.png', 'phu'),
(410, 112, './uploads/iphone-15-pink-1-2-650x650.png', 'chinh'),
(411, 112, './upload_subImage/1732796945_67486211c9a49_iphone-15-pink-5-650x650.jpg', 'phu'),
(412, 112, './upload_subImage/1732796945_67486211ca247_iphone-15-pink-4-650x650.jpg', 'phu'),
(413, 112, './upload_subImage/1732796945_67486211ca8d4_iphone-15-pink-3-650x650.jpg', 'phu'),
(414, 112, './upload_subImage/1732796945_67486211cad79_iphone-15-pink-2-650x650.jpg', 'phu'),
(415, 112, './upload_subImage/1732796945_67486211cb173_iphone-15-pink-1-650x650.jpg', 'phu'),
(416, 112, './upload_subImage/1732796945_67486211cb50a_iphone-15-pink-1-2-650x650.png', 'phu'),
(417, 113, './uploads/iphone-15-pink-1-2-650x650.png', 'chinh'),
(418, 113, './upload_subImage/1732797026_674862626e709_iphone-15-pink-5-650x650.jpg', 'phu'),
(419, 113, './upload_subImage/1732797026_674862626e983_iphone-15-pink-4-650x650.jpg', 'phu'),
(420, 113, './upload_subImage/1732797026_674862626eb94_iphone-15-pink-3-650x650.jpg', 'phu'),
(421, 113, './upload_subImage/1732797026_674862626edc1_iphone-15-pink-2-650x650.jpg', 'phu'),
(422, 113, './upload_subImage/1732797026_674862626f03f_iphone-15-pink-1-650x650.jpg', 'phu'),
(423, 113, './upload_subImage/1732797026_674862626f262_iphone-15-pink-1-2-650x650.png', 'phu'),
(424, 114, 'https://cdn.tgdd.vn/Products/Images/42/329140/s16/iphone-16-plus-xanh-la-650x650.png', 'chinh'),
(425, 114, './upload_subImage/1732797260_6748634c5cb3b_iphone-16-plus-xanh-la-650x650.png', 'phu'),
(426, 114, './upload_subImage/1732797260_6748634c5d0ea_iphone-16-plus-teal-3-638621672150603857-650x650.jpg', 'phu'),
(427, 114, './upload_subImage/1732797260_6748634c5d4c5_iphone-16-plus-teal-2-638621672142461727-650x650.jpg', 'phu'),
(428, 114, './upload_subImage/1732797260_6748634c5d86e_iphone-16-plus-teal-1-638621672135367250-650x650.jpg', 'phu'),
(429, 115, './uploads/iphone-16-trang-650x650.png', 'chinh'),
(430, 115, './upload_subImage/1732797528_674864585cfeb_iphone-16-white-4-638621657116046101-650x650.jpg', 'phu'),
(431, 115, './upload_subImage/1732797528_674864585d384_iphone-16-white-3-638621657109896926-650x650.jpg', 'phu'),
(432, 115, './upload_subImage/1732797528_674864585d6aa_iphone-16-white-2-638621657101841744-650x650.jpg', 'phu'),
(433, 115, './upload_subImage/1732797528_674864585da19_iphone-16-white-1-638621657095332258-650x650.jpg', 'phu'),
(434, 116, './uploads/iphone-16-trang-650x650.png', 'chinh'),
(435, 116, './upload_subImage/1732797595_6748649bdbfb1_iphone-16-white-4-638621657116046101-650x650.jpg', 'phu'),
(436, 116, './upload_subImage/1732797595_6748649bdc36f_iphone-16-white-3-638621657109896926-650x650.jpg', 'phu'),
(437, 116, './upload_subImage/1732797595_6748649bdc6d2_iphone-16-white-2-638621657101841744-650x650.jpg', 'phu'),
(438, 116, './upload_subImage/1732797595_6748649bdca3b_iphone-16-white-1-638621657095332258-650x650.jpg', 'phu'),
(439, 117, './uploads/iphone-15-pro-max-black-1-2-650x650.png', 'chinh'),
(440, 117, './upload_subImage/1733151205_674dc9e5e611d_iphone-15-pro-max-black-titan-4-650x650.jpg', 'phu'),
(441, 117, './upload_subImage/1733151205_674dc9e5e657e_iphone-15-pro-max-black-titan-3-650x650.jpg', 'phu'),
(442, 117, './upload_subImage/1733151205_674dc9e5e6b4a_iphone-15-pro-max-black-titan-2-650x650.jpg', 'phu'),
(443, 117, './upload_subImage/1733151205_674dc9e5e70bd_iphone-15-pro-max-black-titan-1-650x650.jpg', 'phu'),
(444, 117, './upload_subImage/1733151205_674dc9e5e77cf_iphone-15-pro-max-black-1-2-650x650.png', 'phu'),
(445, 118, './uploads/iphone-15-pro-max-black-1-2-650x650.png', 'chinh'),
(446, 118, './upload_subImage/1733151211_674dc9eb94284_iphone-15-pro-max-black-titan-4-650x650.jpg', 'phu'),
(447, 118, './upload_subImage/1733151211_674dc9eb94f49_iphone-15-pro-max-black-titan-3-650x650.jpg', 'phu'),
(448, 118, './upload_subImage/1733151211_674dc9eb956a5_iphone-15-pro-max-black-titan-2-650x650.jpg', 'phu'),
(449, 118, './upload_subImage/1733151211_674dc9eb95d17_iphone-15-pro-max-black-titan-1-650x650.jpg', 'phu'),
(450, 118, './upload_subImage/1733151211_674dc9eb982e4_iphone-15-pro-max-black-1-2-650x650.png', 'phu'),
(451, 119, './uploads/iphone-15-pro-max-black-1-2-650x650.png', 'chinh'),
(452, 119, './upload_subImage/1733151213_674dc9ed272e8_iphone-15-pro-max-black-titan-4-650x650.jpg', 'phu'),
(453, 119, './upload_subImage/1733151213_674dc9ed27bdd_iphone-15-pro-max-black-titan-3-650x650.jpg', 'phu'),
(454, 119, './upload_subImage/1733151213_674dc9ed27f73_iphone-15-pro-max-black-titan-2-650x650.jpg', 'phu'),
(455, 119, './upload_subImage/1733151213_674dc9ed281de_iphone-15-pro-max-black-titan-1-650x650.jpg', 'phu'),
(456, 119, './upload_subImage/1733151213_674dc9ed284f5_iphone-15-pro-max-black-1-2-650x650.png', 'phu'),
(457, 120, './uploads/z6091549021298_9574aeaf5acf16a162c8fdb5a06ea602.jpg', 'chinh'),
(458, 120, './upload_subImage/1733152845_674dd04d796f3_z6091549021298_9574aeaf5acf16a162c8fdb5a06ea602.jpg', 'phu'),
(459, 121, './uploads/iphone-15-pro-max-black-1-2-650x650.png', 'chinh'),
(460, 121, './upload_subImage/1733542604_6753c2cc09444_iphone-16-plus-teal-1-638621672135367250-650x650.jpg', 'phu'),
(461, 121, './upload_subImage/1733542604_6753c2cc09975_iphone-16-plus-teal-2-638621672142461727-650x650.jpg', 'phu'),
(462, 121, './upload_subImage/1733542604_6753c2cc09fe6_iphone-16-plus-teal-3-638621672150603857-650x650.jpg', 'phu'),
(463, 121, './upload_subImage/1733542604_6753c2cc0a4f3_iphone-16-white-1-638621657095332258-650x650.jpg', 'phu'),
(464, 121, './upload_subImage/1733542604_6753c2cc0ad53_iphone-16-white-2-638621657101841744-650x650.jpg', 'phu'),
(465, 121, './upload_subImage/1733542604_6753c2cc0b5ab_iphone-16-white-3-638621657109896926-650x650.jpg', 'phu');

-- --------------------------------------------------------

--
-- Table structure for table `tb_bienthesanpham`
--

CREATE TABLE `tb_bienthesanpham` (
  `id_sanPhamBiếnThe` int NOT NULL,
  `id_sanPham` int DEFAULT NULL,
  `id_mauSac` int DEFAULT NULL,
  `id_dungLuong` int DEFAULT NULL,
  `giaBienThe` decimal(10,0) NOT NULL,
  `soLuong` int NOT NULL
) ENGINE=InnoDB DEFAULT CHARSET=utf8mb4 COLLATE=utf8mb4_0900_ai_ci;

--
-- Dumping data for table `tb_bienthesanpham`
--

INSERT INTO `tb_bienthesanpham` (`id_sanPhamBiếnThe`, `id_sanPham`, `id_mauSac`, `id_dungLuong`, `giaBienThe`, `soLuong`) VALUES
(1342, 113, 2, 1, '12000000', 11),
(1343, 113, 2, 1, '12000000', 22),
(1344, 113, 2, 1, '12000000', 33),
(1345, 113, 2, 1, '18000000', 11),
(1346, 113, 2, 1, '18000000', 22),
(1347, 113, 2, 1, '18000000', 33),
(1348, 113, 2, 1, '22000000', 11),
(1349, 113, 2, 1, '22000000', 22),
(1350, 113, 2, 1, '22000000', 33),
(1351, 113, 2, 4, '12000000', 11),
(1352, 113, 2, 4, '12000000', 22),
(1353, 113, 2, 4, '12000000', 33),
(1354, 113, 2, 4, '18000000', 11),
(1355, 113, 2, 4, '18000000', 22),
(1356, 113, 2, 4, '18000000', 33),
(1357, 113, 2, 4, '22000000', 11),
(1358, 113, 2, 4, '22000000', 22),
(1359, 113, 2, 4, '22000000', 33),
(1360, 113, 2, 3, '12000000', 11),
(1361, 113, 2, 3, '12000000', 22),
(1362, 113, 2, 3, '12000000', 33),
(1363, 113, 2, 3, '18000000', 11),
(1364, 113, 2, 3, '18000000', 22),
(1365, 113, 2, 3, '18000000', 33),
(1366, 113, 2, 3, '22000000', 11),
(1367, 113, 2, 3, '22000000', 22),
(1368, 113, 2, 3, '22000000', 33),
(1369, 113, 2, 1, '12000000', 11),
(1370, 113, 2, 1, '12000000', 22),
(1371, 113, 2, 1, '12000000', 33),
(1372, 113, 2, 1, '18000000', 11),
(1373, 113, 2, 1, '18000000', 22),
(1374, 113, 2, 1, '18000000', 33),
(1375, 113, 2, 1, '22000000', 11),
(1376, 113, 2, 1, '22000000', 22),
(1377, 113, 2, 1, '22000000', 33),
(1378, 113, 2, 4, '12000000', 11),
(1379, 113, 2, 4, '12000000', 22),
(1380, 113, 2, 4, '12000000', 33),
(1381, 113, 2, 4, '18000000', 11),
(1382, 113, 2, 4, '18000000', 22),
(1383, 113, 2, 4, '18000000', 33),
(1384, 113, 2, 4, '22000000', 11),
(1385, 113, 2, 4, '22000000', 22),
(1386, 113, 2, 4, '22000000', 33),
(1387, 113, 2, 3, '12000000', 11),
(1388, 113, 2, 3, '12000000', 22),
(1389, 113, 2, 3, '12000000', 33),
(1390, 113, 2, 3, '18000000', 11),
(1391, 113, 2, 3, '18000000', 22),
(1392, 113, 2, 3, '18000000', 33),
(1393, 113, 2, 3, '22000000', 11),
(1394, 113, 2, 3, '22000000', 22),
(1395, 113, 2, 3, '22000000', 33),
(1396, 113, 2, 1, '12000000', 11),
(1397, 113, 2, 1, '12000000', 22),
(1398, 113, 2, 1, '12000000', 33),
(1399, 113, 2, 1, '18000000', 11),
(1400, 113, 2, 1, '18000000', 22),
(1401, 113, 2, 1, '18000000', 33),
(1402, 113, 2, 1, '22000000', 11),
(1403, 113, 2, 1, '22000000', 22),
(1404, 113, 2, 1, '22000000', 33),
(1405, 113, 2, 4, '12000000', 11),
(1406, 113, 2, 4, '12000000', 22),
(1407, 113, 2, 4, '12000000', 33),
(1408, 113, 2, 4, '18000000', 11),
(1409, 113, 2, 4, '18000000', 22),
(1410, 113, 2, 4, '18000000', 33),
(1411, 113, 2, 4, '22000000', 11),
(1412, 113, 2, 4, '22000000', 22),
(1413, 113, 2, 4, '22000000', 33),
(1414, 113, 2, 3, '12000000', 11),
(1415, 113, 2, 3, '12000000', 22),
(1416, 113, 2, 3, '12000000', 33),
(1417, 113, 2, 3, '18000000', 11),
(1418, 113, 2, 3, '18000000', 22),
(1419, 113, 2, 3, '18000000', 33),
(1420, 113, 2, 3, '22000000', 11),
(1421, 113, 2, 3, '22000000', 22),
(1422, 113, 2, 3, '22000000', 33),
(1423, 113, 3, 1, '12000000', 11),
(1424, 113, 3, 1, '12000000', 22),
(1425, 113, 3, 1, '12000000', 33),
(1426, 113, 3, 1, '18000000', 11),
(1427, 113, 3, 1, '18000000', 22),
(1428, 113, 3, 1, '18000000', 33),
(1429, 113, 3, 1, '22000000', 11),
(1430, 113, 3, 1, '22000000', 22),
(1431, 113, 3, 1, '22000000', 33),
(1432, 113, 3, 4, '12000000', 11),
(1433, 113, 3, 4, '12000000', 22),
(1434, 113, 3, 4, '12000000', 33),
(1435, 113, 3, 4, '18000000', 11),
(1436, 113, 3, 4, '18000000', 22),
(1437, 113, 3, 4, '18000000', 33),
(1438, 113, 3, 4, '22000000', 11),
(1439, 113, 3, 4, '22000000', 22),
(1440, 113, 3, 4, '22000000', 33),
(1441, 113, 3, 3, '12000000', 11),
(1442, 113, 3, 3, '12000000', 22),
(1443, 113, 3, 3, '12000000', 33),
(1444, 113, 3, 3, '18000000', 11),
(1445, 113, 3, 3, '18000000', 22),
(1446, 113, 3, 3, '18000000', 33),
(1447, 113, 3, 3, '22000000', 11),
(1448, 113, 3, 3, '22000000', 22),
(1449, 113, 3, 3, '22000000', 33),
(1450, 113, 3, 1, '12000000', 11),
(1451, 113, 3, 1, '12000000', 22),
(1452, 113, 3, 1, '12000000', 33),
(1453, 113, 3, 1, '18000000', 11),
(1454, 113, 3, 1, '18000000', 22),
(1455, 113, 3, 1, '18000000', 33),
(1456, 113, 3, 1, '22000000', 11),
(1457, 113, 3, 1, '22000000', 22),
(1458, 113, 3, 1, '22000000', 33),
(1459, 113, 3, 4, '12000000', 11),
(1460, 113, 3, 4, '12000000', 22),
(1461, 113, 3, 4, '12000000', 33),
(1462, 113, 3, 4, '18000000', 11),
(1463, 113, 3, 4, '18000000', 22),
(1464, 113, 3, 4, '18000000', 33),
(1465, 113, 3, 4, '22000000', 11),
(1466, 113, 3, 4, '22000000', 22),
(1467, 113, 3, 4, '22000000', 33),
(1468, 113, 3, 3, '12000000', 11),
(1469, 113, 3, 3, '12000000', 22),
(1470, 113, 3, 3, '12000000', 33),
(1471, 113, 3, 3, '18000000', 11),
(1472, 113, 3, 3, '18000000', 22),
(1473, 113, 3, 3, '18000000', 33),
(1474, 113, 3, 3, '22000000', 11),
(1475, 113, 3, 3, '22000000', 22),
(1476, 113, 3, 3, '22000000', 33),
(1477, 113, 3, 1, '12000000', 11),
(1478, 113, 3, 1, '12000000', 22),
(1479, 113, 3, 1, '12000000', 33),
(1480, 113, 3, 1, '18000000', 11),
(1481, 113, 3, 1, '18000000', 22),
(1482, 113, 3, 1, '18000000', 33),
(1483, 113, 3, 1, '22000000', 11),
(1484, 113, 3, 1, '22000000', 22),
(1485, 113, 3, 1, '22000000', 33),
(1486, 113, 3, 4, '12000000', 11),
(1487, 113, 3, 4, '12000000', 22),
(1488, 113, 3, 4, '12000000', 33),
(1489, 113, 3, 4, '18000000', 11),
(1490, 113, 3, 4, '18000000', 22),
(1491, 113, 3, 4, '18000000', 33),
(1492, 113, 3, 4, '22000000', 11),
(1493, 113, 3, 4, '22000000', 22),
(1494, 113, 3, 4, '22000000', 33),
(1495, 113, 3, 3, '12000000', 11),
(1496, 113, 3, 3, '12000000', 22),
(1497, 113, 3, 3, '12000000', 33),
(1498, 113, 3, 3, '18000000', 11),
(1499, 113, 3, 3, '18000000', 22),
(1500, 113, 3, 3, '18000000', 33),
(1501, 113, 3, 3, '22000000', 11),
(1502, 113, 3, 3, '22000000', 22),
(1503, 113, 3, 3, '22000000', 33),
(1504, 113, 5, 1, '12000000', 11),
(1505, 113, 5, 1, '12000000', 22),
(1506, 113, 5, 1, '12000000', 33),
(1507, 113, 5, 1, '18000000', 11),
(1508, 113, 5, 1, '18000000', 22),
(1509, 113, 5, 1, '18000000', 33),
(1510, 113, 5, 1, '22000000', 11),
(1511, 113, 5, 1, '22000000', 22),
(1512, 113, 5, 1, '22000000', 33),
(1513, 113, 5, 4, '12000000', 11),
(1514, 113, 5, 4, '12000000', 22),
(1515, 113, 5, 4, '12000000', 33),
(1516, 113, 5, 4, '18000000', 11),
(1517, 113, 5, 4, '18000000', 22),
(1518, 113, 5, 4, '18000000', 33),
(1519, 113, 5, 4, '22000000', 11),
(1520, 113, 5, 4, '22000000', 22),
(1521, 113, 5, 4, '22000000', 33),
(1522, 113, 5, 3, '12000000', 11),
(1523, 113, 5, 3, '12000000', 22),
(1524, 113, 5, 3, '12000000', 33),
(1525, 113, 5, 3, '18000000', 11),
(1526, 113, 5, 3, '18000000', 22),
(1527, 113, 5, 3, '18000000', 33),
(1528, 113, 5, 3, '22000000', 11),
(1529, 113, 5, 3, '22000000', 22),
(1530, 113, 5, 3, '22000000', 33),
(1531, 113, 5, 1, '12000000', 11),
(1532, 113, 5, 1, '12000000', 22),
(1533, 113, 5, 1, '12000000', 33),
(1534, 113, 5, 1, '18000000', 11),
(1535, 113, 5, 1, '18000000', 22),
(1536, 113, 5, 1, '18000000', 33),
(1537, 113, 5, 1, '22000000', 11),
(1538, 113, 5, 1, '22000000', 22),
(1539, 113, 5, 1, '22000000', 33),
(1540, 113, 5, 4, '12000000', 11),
(1541, 113, 5, 4, '12000000', 22),
(1542, 113, 5, 4, '12000000', 33),
(1543, 113, 5, 4, '18000000', 11),
(1544, 113, 5, 4, '18000000', 22),
(1545, 113, 5, 4, '18000000', 33),
(1546, 113, 5, 4, '22000000', 11),
(1547, 113, 5, 4, '22000000', 22),
(1548, 113, 5, 4, '22000000', 33),
(1549, 113, 5, 3, '12000000', 11),
(1550, 113, 5, 3, '12000000', 22),
(1551, 113, 5, 3, '12000000', 33),
(1552, 113, 5, 3, '18000000', 11),
(1553, 113, 5, 3, '18000000', 22),
(1554, 113, 5, 3, '18000000', 33),
(1555, 113, 5, 3, '22000000', 11),
(1556, 113, 5, 3, '22000000', 22),
(1557, 113, 5, 3, '22000000', 33),
(1558, 113, 5, 1, '12000000', 11),
(1559, 113, 5, 1, '12000000', 22),
(1560, 113, 5, 1, '12000000', 33),
(1561, 113, 5, 1, '18000000', 11),
(1562, 113, 5, 1, '18000000', 22),
(1563, 113, 5, 1, '18000000', 33),
(1564, 113, 5, 1, '22000000', 11),
(1565, 113, 5, 1, '22000000', 22),
(1566, 113, 5, 1, '22000000', 33),
(1567, 113, 5, 4, '12000000', 11),
(1568, 113, 5, 4, '12000000', 22),
(1569, 113, 5, 4, '12000000', 33),
(1570, 113, 5, 4, '18000000', 11),
(1571, 113, 5, 4, '18000000', 22),
(1572, 113, 5, 4, '18000000', 33),
(1573, 113, 5, 4, '22000000', 11),
(1574, 113, 5, 4, '22000000', 22),
(1575, 113, 5, 4, '22000000', 33),
(1576, 113, 5, 3, '12000000', 11),
(1577, 113, 5, 3, '12000000', 22),
(1578, 113, 5, 3, '12000000', 33),
(1579, 113, 5, 3, '18000000', 11),
(1580, 113, 5, 3, '18000000', 22),
(1581, 113, 5, 3, '18000000', 33),
(1582, 113, 5, 3, '22000000', 11),
(1583, 113, 5, 3, '22000000', 22),
(1584, 113, 5, 3, '22000000', 33),
(1585, 114, 2, 2, '17000000', 22),
(1586, 114, 2, 2, '17000000', 23),
(1587, 114, 2, 2, '17000000', 44),
(1588, 114, 2, 2, '22000000', 22),
(1589, 114, 2, 2, '22000000', 23),
(1590, 114, 2, 2, '22000000', 44),
(1591, 114, 2, 2, '32000000', 22),
(1592, 114, 2, 2, '32000000', 23),
(1593, 114, 2, 2, '32000000', 44),
(1594, 114, 2, 4, '17000000', 22),
(1595, 114, 2, 4, '17000000', 23),
(1596, 114, 2, 4, '17000000', 44),
(1597, 114, 2, 4, '22000000', 22),
(1598, 114, 2, 4, '22000000', 23),
(1599, 114, 2, 4, '22000000', 44),
(1600, 114, 2, 4, '32000000', 22),
(1601, 114, 2, 4, '32000000', 23),
(1602, 114, 2, 4, '32000000', 44),
(1603, 114, 2, 3, '17000000', 22),
(1604, 114, 2, 3, '17000000', 23),
(1605, 114, 2, 3, '17000000', 44),
(1606, 114, 2, 3, '22000000', 22),
(1607, 114, 2, 3, '22000000', 23),
(1608, 114, 2, 3, '22000000', 44),
(1609, 114, 2, 3, '32000000', 22),
(1610, 114, 2, 3, '32000000', 23),
(1611, 114, 2, 3, '32000000', 44),
(1612, 114, 2, 2, '17000000', 22),
(1613, 114, 2, 2, '17000000', 23),
(1614, 114, 2, 2, '17000000', 44),
(1615, 114, 2, 2, '22000000', 22),
(1616, 114, 2, 2, '22000000', 23),
(1617, 114, 2, 2, '22000000', 44),
(1618, 114, 2, 2, '32000000', 22),
(1619, 114, 2, 2, '32000000', 23),
(1620, 114, 2, 2, '32000000', 44),
(1621, 114, 2, 4, '17000000', 22),
(1622, 114, 2, 4, '17000000', 23),
(1623, 114, 2, 4, '17000000', 44),
(1624, 114, 2, 4, '22000000', 22),
(1625, 114, 2, 4, '22000000', 23),
(1626, 114, 2, 4, '22000000', 44),
(1627, 114, 2, 4, '32000000', 22),
(1628, 114, 2, 4, '32000000', 23),
(1629, 114, 2, 4, '32000000', 44),
(1630, 114, 2, 3, '17000000', 22),
(1631, 114, 2, 3, '17000000', 23),
(1632, 114, 2, 3, '17000000', 44),
(1633, 114, 2, 3, '22000000', 22),
(1634, 114, 2, 3, '22000000', 23),
(1635, 114, 2, 3, '22000000', 44),
(1636, 114, 2, 3, '32000000', 22),
(1637, 114, 2, 3, '32000000', 23),
(1638, 114, 2, 3, '32000000', 44),
(1639, 114, 2, 2, '17000000', 22),
(1640, 114, 2, 2, '17000000', 23),
(1641, 114, 2, 2, '17000000', 44),
(1642, 114, 2, 2, '22000000', 22),
(1643, 114, 2, 2, '22000000', 23),
(1644, 114, 2, 2, '22000000', 44),
(1645, 114, 2, 2, '32000000', 22),
(1646, 114, 2, 2, '32000000', 23),
(1647, 114, 2, 2, '32000000', 44),
(1648, 114, 2, 4, '17000000', 22),
(1649, 114, 2, 4, '17000000', 23),
(1650, 114, 2, 4, '17000000', 44),
(1651, 114, 2, 4, '22000000', 22),
(1652, 114, 2, 4, '22000000', 23),
(1653, 114, 2, 4, '22000000', 44),
(1654, 114, 2, 4, '32000000', 22),
(1655, 114, 2, 4, '32000000', 23),
(1656, 114, 2, 4, '32000000', 44),
(1657, 114, 2, 3, '17000000', 22),
(1658, 114, 2, 3, '17000000', 23),
(1659, 114, 2, 3, '17000000', 44),
(1660, 114, 2, 3, '22000000', 22),
(1661, 114, 2, 3, '22000000', 23),
(1662, 114, 2, 3, '22000000', 44),
(1663, 114, 2, 3, '32000000', 22),
(1664, 114, 2, 3, '32000000', 23),
(1665, 114, 2, 3, '32000000', 44),
(1666, 114, 3, 2, '17000000', 22),
(1667, 114, 3, 2, '17000000', 23),
(1668, 114, 3, 2, '17000000', 44),
(1669, 114, 3, 2, '22000000', 22),
(1670, 114, 3, 2, '22000000', 23),
(1671, 114, 3, 2, '22000000', 44),
(1672, 114, 3, 2, '32000000', 22),
(1673, 114, 3, 2, '32000000', 23),
(1674, 114, 3, 2, '32000000', 44),
(1675, 114, 3, 4, '17000000', 22),
(1676, 114, 3, 4, '17000000', 23),
(1677, 114, 3, 4, '17000000', 44),
(1678, 114, 3, 4, '22000000', 22),
(1679, 114, 3, 4, '22000000', 23),
(1680, 114, 3, 4, '22000000', 44),
(1681, 114, 3, 4, '32000000', 22),
(1682, 114, 3, 4, '32000000', 23),
(1683, 114, 3, 4, '32000000', 44),
(1684, 114, 3, 3, '17000000', 22),
(1685, 114, 3, 3, '17000000', 23),
(1686, 114, 3, 3, '17000000', 44),
(1687, 114, 3, 3, '22000000', 22),
(1688, 114, 3, 3, '22000000', 23),
(1689, 114, 3, 3, '22000000', 44),
(1690, 114, 3, 3, '32000000', 22),
(1691, 114, 3, 3, '32000000', 23),
(1692, 114, 3, 3, '32000000', 44),
(1693, 114, 3, 2, '17000000', 22),
(1694, 114, 3, 2, '17000000', 23),
(1695, 114, 3, 2, '17000000', 44),
(1696, 114, 3, 2, '22000000', 22),
(1697, 114, 3, 2, '22000000', 23),
(1698, 114, 3, 2, '22000000', 44),
(1699, 114, 3, 2, '32000000', 22),
(1700, 114, 3, 2, '32000000', 23),
(1701, 114, 3, 2, '32000000', 44),
(1702, 114, 3, 4, '17000000', 22),
(1703, 114, 3, 4, '17000000', 23),
(1704, 114, 3, 4, '17000000', 44),
(1705, 114, 3, 4, '22000000', 22),
(1706, 114, 3, 4, '22000000', 23),
(1707, 114, 3, 4, '22000000', 44),
(1708, 114, 3, 4, '32000000', 22),
(1709, 114, 3, 4, '32000000', 23),
(1710, 114, 3, 4, '32000000', 44),
(1711, 114, 3, 3, '17000000', 22),
(1712, 114, 3, 3, '17000000', 23),
(1713, 114, 3, 3, '17000000', 44),
(1714, 114, 3, 3, '22000000', 22),
(1715, 114, 3, 3, '22000000', 23),
(1716, 114, 3, 3, '22000000', 44),
(1717, 114, 3, 3, '32000000', 22),
(1718, 114, 3, 3, '32000000', 23),
(1719, 114, 3, 3, '32000000', 44),
(1720, 114, 3, 2, '17000000', 22),
(1721, 114, 3, 2, '17000000', 23),
(1722, 114, 3, 2, '17000000', 44),
(1723, 114, 3, 2, '22000000', 22),
(1724, 114, 3, 2, '22000000', 23),
(1725, 114, 3, 2, '22000000', 44),
(1726, 114, 3, 2, '32000000', 22),
(1727, 114, 3, 2, '32000000', 23),
(1728, 114, 3, 2, '32000000', 44),
(1729, 114, 3, 4, '17000000', 22),
(1730, 114, 3, 4, '17000000', 23),
(1731, 114, 3, 4, '17000000', 44),
(1732, 114, 3, 4, '22000000', 22),
(1733, 114, 3, 4, '22000000', 23),
(1734, 114, 3, 4, '22000000', 44),
(1735, 114, 3, 4, '32000000', 22),
(1736, 114, 3, 4, '32000000', 23),
(1737, 114, 3, 4, '32000000', 44),
(1738, 114, 3, 3, '17000000', 22),
(1739, 114, 3, 3, '17000000', 23),
(1740, 114, 3, 3, '17000000', 44),
(1741, 114, 3, 3, '22000000', 22),
(1742, 114, 3, 3, '22000000', 23),
(1743, 114, 3, 3, '22000000', 44),
(1744, 114, 3, 3, '32000000', 22),
(1745, 114, 3, 3, '32000000', 23),
(1746, 114, 3, 3, '32000000', 44),
(1747, 114, 5, 2, '17000000', 22),
(1748, 114, 5, 2, '17000000', 23),
(1749, 114, 5, 2, '17000000', 44),
(1750, 114, 5, 2, '22000000', 22),
(1751, 114, 5, 2, '22000000', 23),
(1752, 114, 5, 2, '22000000', 44),
(1753, 114, 5, 2, '32000000', 22),
(1754, 114, 5, 2, '32000000', 23),
(1755, 114, 5, 2, '32000000', 44),
(1756, 114, 5, 4, '17000000', 22),
(1757, 114, 5, 4, '17000000', 23),
(1758, 114, 5, 4, '17000000', 44),
(1759, 114, 5, 4, '22000000', 22),
(1760, 114, 5, 4, '22000000', 23),
(1761, 114, 5, 4, '22000000', 44),
(1762, 114, 5, 4, '32000000', 22),
(1763, 114, 5, 4, '32000000', 23),
(1764, 114, 5, 4, '32000000', 44),
(1765, 114, 5, 3, '17000000', 22),
(1766, 114, 5, 3, '17000000', 23),
(1767, 114, 5, 3, '17000000', 44),
(1768, 114, 5, 3, '22000000', 22),
(1769, 114, 5, 3, '22000000', 23),
(1770, 114, 5, 3, '22000000', 44),
(1771, 114, 5, 3, '32000000', 22),
(1772, 114, 5, 3, '32000000', 23),
(1773, 114, 5, 3, '32000000', 44),
(1774, 114, 5, 2, '17000000', 22),
(1775, 114, 5, 2, '17000000', 23),
(1776, 114, 5, 2, '17000000', 44),
(1777, 114, 5, 2, '22000000', 22),
(1778, 114, 5, 2, '22000000', 23),
(1779, 114, 5, 2, '22000000', 44),
(1780, 114, 5, 2, '32000000', 22),
(1781, 114, 5, 2, '32000000', 23),
(1782, 114, 5, 2, '32000000', 44),
(1783, 114, 5, 4, '17000000', 22),
(1784, 114, 5, 4, '17000000', 23),
(1785, 114, 5, 4, '17000000', 44),
(1786, 114, 5, 4, '22000000', 22),
(1787, 114, 5, 4, '22000000', 23),
(1788, 114, 5, 4, '22000000', 44),
(1789, 114, 5, 4, '32000000', 22),
(1790, 114, 5, 4, '32000000', 23),
(1791, 114, 5, 4, '32000000', 44),
(1792, 114, 5, 3, '17000000', 22),
(1793, 114, 5, 3, '17000000', 23),
(1794, 114, 5, 3, '17000000', 44),
(1795, 114, 5, 3, '22000000', 22),
(1796, 114, 5, 3, '22000000', 23),
(1797, 114, 5, 3, '22000000', 44),
(1798, 114, 5, 3, '32000000', 22),
(1799, 114, 5, 3, '32000000', 23),
(1800, 114, 5, 3, '32000000', 44),
(1801, 114, 5, 2, '17000000', 22),
(1802, 114, 5, 2, '17000000', 23),
(1803, 114, 5, 2, '17000000', 44),
(1804, 114, 5, 2, '22000000', 22),
(1805, 114, 5, 2, '22000000', 23),
(1806, 114, 5, 2, '22000000', 44),
(1807, 114, 5, 2, '32000000', 22),
(1808, 114, 5, 2, '32000000', 23),
(1809, 114, 5, 2, '32000000', 44),
(1810, 114, 5, 4, '17000000', 22),
(1811, 114, 5, 4, '17000000', 23),
(1812, 114, 5, 4, '17000000', 44),
(1813, 114, 5, 4, '22000000', 22),
(1814, 114, 5, 4, '22000000', 23),
(1815, 114, 5, 4, '22000000', 44),
(1816, 114, 5, 4, '32000000', 22),
(1817, 114, 5, 4, '32000000', 23),
(1818, 114, 5, 4, '32000000', 44),
(1819, 114, 5, 3, '17000000', 22),
(1820, 114, 5, 3, '17000000', 23),
(1821, 114, 5, 3, '17000000', 44),
(1822, 114, 5, 3, '22000000', 22),
(1823, 114, 5, 3, '22000000', 23),
(1824, 114, 5, 3, '22000000', 44),
(1825, 114, 5, 3, '32000000', 22),
(1826, 114, 5, 3, '32000000', 23),
(1827, 114, 5, 3, '32000000', 44),
(2314, 117, 2, 2, '14000000', 22),
(2315, 117, 2, 2, '14000000', 33),
(2316, 117, 2, 2, '14000000', 23),
(2317, 117, 2, 2, '16000000', 22),
(2318, 117, 2, 2, '16000000', 33),
(2319, 117, 2, 2, '16000000', 23),
(2320, 117, 2, 2, '11000000', 22),
(2321, 117, 2, 2, '11000000', 33),
(2322, 117, 2, 2, '11000000', 23),
(2323, 117, 2, 4, '14000000', 22),
(2324, 117, 2, 4, '14000000', 33),
(2325, 117, 2, 4, '14000000', 23),
(2326, 117, 2, 4, '16000000', 22),
(2327, 117, 2, 4, '16000000', 33),
(2328, 117, 2, 4, '16000000', 23),
(2329, 117, 2, 4, '11000000', 22),
(2330, 117, 2, 4, '11000000', 33),
(2331, 117, 2, 4, '11000000', 23),
(2332, 117, 2, 1, '14000000', 22),
(2333, 117, 2, 1, '14000000', 33),
(2334, 117, 2, 1, '14000000', 23),
(2335, 117, 2, 1, '16000000', 22),
(2336, 117, 2, 1, '16000000', 33),
(2337, 117, 2, 1, '16000000', 23),
(2338, 117, 2, 1, '11000000', 22),
(2339, 117, 2, 1, '11000000', 33),
(2340, 117, 2, 1, '11000000', 23),
(2341, 117, 3, 2, '14000000', 22),
(2342, 117, 3, 2, '14000000', 33),
(2343, 117, 3, 2, '14000000', 23),
(2344, 117, 3, 2, '16000000', 22),
(2345, 117, 3, 2, '16000000', 33),
(2346, 117, 3, 2, '16000000', 23),
(2347, 117, 3, 2, '11000000', 22),
(2348, 117, 3, 2, '11000000', 33),
(2349, 117, 3, 2, '11000000', 23),
(2350, 117, 3, 4, '14000000', 22),
(2351, 117, 3, 4, '14000000', 33),
(2352, 117, 3, 4, '14000000', 23),
(2353, 117, 3, 4, '16000000', 22),
(2354, 117, 3, 4, '16000000', 33),
(2355, 117, 3, 4, '16000000', 23),
(2356, 117, 3, 4, '11000000', 22),
(2357, 117, 3, 4, '11000000', 33),
(2358, 117, 3, 4, '11000000', 23),
(2359, 117, 3, 1, '14000000', 22),
(2360, 117, 3, 1, '14000000', 33),
(2361, 117, 3, 1, '14000000', 23),
(2362, 117, 3, 1, '16000000', 22),
(2363, 117, 3, 1, '16000000', 33),
(2364, 117, 3, 1, '16000000', 23),
(2365, 117, 3, 1, '11000000', 22),
(2366, 117, 3, 1, '11000000', 33),
(2367, 117, 3, 1, '11000000', 23),
(2368, 117, 5, 2, '14000000', 22),
(2369, 117, 5, 2, '14000000', 33),
(2370, 117, 5, 2, '14000000', 23),
(2371, 117, 5, 2, '16000000', 22),
(2372, 117, 5, 2, '16000000', 33),
(2373, 117, 5, 2, '16000000', 23),
(2374, 117, 5, 2, '11000000', 22),
(2375, 117, 5, 2, '11000000', 33),
(2376, 117, 5, 2, '11000000', 23),
(2377, 117, 5, 4, '14000000', 22),
(2378, 117, 5, 4, '14000000', 33),
(2379, 117, 5, 4, '14000000', 23),
(2380, 117, 5, 4, '16000000', 22),
(2381, 117, 5, 4, '16000000', 33),
(2382, 117, 5, 4, '16000000', 23),
(2383, 117, 5, 4, '11000000', 22),
(2384, 117, 5, 4, '11000000', 33),
(2385, 117, 5, 4, '11000000', 23),
(2386, 117, 5, 1, '14000000', 22),
(2387, 117, 5, 1, '14000000', 33),
(2388, 117, 5, 1, '14000000', 23),
(2389, 117, 5, 1, '16000000', 22),
(2390, 117, 5, 1, '16000000', 33),
(2391, 117, 5, 1, '16000000', 23),
(2392, 117, 5, 1, '11000000', 22),
(2393, 117, 5, 1, '11000000', 33),
(2394, 117, 5, 1, '11000000', 23),
(2395, 118, 2, 2, '14000000', 22),
(2396, 118, 2, 2, '14000000', 33),
(2397, 118, 2, 2, '14000000', 23),
(2398, 118, 2, 2, '16000000', 22),
(2399, 118, 2, 2, '16000000', 33),
(2400, 118, 2, 2, '16000000', 23),
(2401, 118, 2, 2, '11000000', 22),
(2402, 118, 2, 2, '11000000', 33),
(2403, 118, 2, 2, '11000000', 23),
(2404, 118, 2, 4, '14000000', 22),
(2405, 118, 2, 4, '14000000', 33),
(2406, 118, 2, 4, '14000000', 23),
(2407, 118, 2, 4, '16000000', 22),
(2408, 118, 2, 4, '16000000', 33),
(2409, 118, 2, 4, '16000000', 23),
(2410, 118, 2, 4, '11000000', 22),
(2411, 118, 2, 4, '11000000', 33),
(2412, 118, 2, 4, '11000000', 23),
(2413, 118, 2, 1, '14000000', 22),
(2414, 118, 2, 1, '14000000', 33),
(2415, 118, 2, 1, '14000000', 23),
(2416, 118, 2, 1, '16000000', 22),
(2417, 118, 2, 1, '16000000', 33),
(2418, 118, 2, 1, '16000000', 23),
(2419, 118, 2, 1, '11000000', 22),
(2420, 118, 2, 1, '11000000', 33),
(2421, 118, 2, 1, '11000000', 23),
(2422, 118, 3, 2, '14000000', 22),
(2423, 118, 3, 2, '14000000', 33),
(2424, 118, 3, 2, '14000000', 23),
(2425, 118, 3, 2, '16000000', 22),
(2426, 118, 3, 2, '16000000', 33),
(2427, 118, 3, 2, '16000000', 23),
(2428, 118, 3, 2, '11000000', 22),
(2429, 118, 3, 2, '11000000', 33),
(2430, 118, 3, 2, '11000000', 23),
(2431, 118, 3, 4, '14000000', 22),
(2432, 118, 3, 4, '14000000', 33),
(2433, 118, 3, 4, '14000000', 23),
(2434, 118, 3, 4, '16000000', 22),
(2435, 118, 3, 4, '16000000', 33),
(2436, 118, 3, 4, '16000000', 23),
(2437, 118, 3, 4, '11000000', 22),
(2438, 118, 3, 4, '11000000', 33),
(2439, 118, 3, 4, '11000000', 23),
(2440, 118, 3, 1, '14000000', 22),
(2441, 118, 3, 1, '14000000', 33),
(2442, 118, 3, 1, '14000000', 23),
(2443, 118, 3, 1, '16000000', 22),
(2444, 118, 3, 1, '16000000', 33),
(2445, 118, 3, 1, '16000000', 23),
(2446, 118, 3, 1, '11000000', 22),
(2447, 118, 3, 1, '11000000', 33),
(2448, 118, 3, 1, '11000000', 23),
(2449, 118, 5, 2, '14000000', 22),
(2450, 118, 5, 2, '14000000', 33),
(2451, 118, 5, 2, '14000000', 23),
(2452, 118, 5, 2, '16000000', 22),
(2453, 118, 5, 2, '16000000', 33),
(2454, 118, 5, 2, '16000000', 23),
(2455, 118, 5, 2, '11000000', 22),
(2456, 118, 5, 2, '11000000', 33),
(2457, 118, 5, 2, '11000000', 23),
(2458, 118, 5, 4, '14000000', 22),
(2459, 118, 5, 4, '14000000', 33),
(2460, 118, 5, 4, '14000000', 23),
(2461, 118, 5, 4, '16000000', 22),
(2462, 118, 5, 4, '16000000', 33),
(2463, 118, 5, 4, '16000000', 23),
(2464, 118, 5, 4, '11000000', 22),
(2465, 118, 5, 4, '11000000', 33),
(2466, 118, 5, 4, '11000000', 23),
(2467, 118, 5, 1, '14000000', 22),
(2468, 118, 5, 1, '14000000', 33),
(2469, 118, 5, 1, '14000000', 23),
(2470, 118, 5, 1, '16000000', 22),
(2471, 118, 5, 1, '16000000', 33),
(2472, 118, 5, 1, '16000000', 23),
(2473, 118, 5, 1, '11000000', 22),
(2474, 118, 5, 1, '11000000', 33),
(2475, 118, 5, 1, '11000000', 23),
(2476, 119, 2, 2, '14000000', 22),
(2477, 119, 2, 2, '14000000', 33),
(2478, 119, 2, 2, '14000000', 23),
(2479, 119, 2, 2, '16000000', 22),
(2480, 119, 2, 2, '16000000', 33),
(2481, 119, 2, 2, '16000000', 23),
(2482, 119, 2, 2, '11000000', 22),
(2483, 119, 2, 2, '11000000', 33),
(2484, 119, 2, 2, '11000000', 23),
(2485, 119, 2, 4, '14000000', 22),
(2486, 119, 2, 4, '14000000', 33),
(2487, 119, 2, 4, '14000000', 23),
(2488, 119, 2, 4, '16000000', 22),
(2489, 119, 2, 4, '16000000', 33),
(2490, 119, 2, 4, '16000000', 23),
(2491, 119, 2, 4, '11000000', 22),
(2492, 119, 2, 4, '11000000', 33),
(2493, 119, 2, 4, '11000000', 23),
(2494, 119, 2, 1, '14000000', 22),
(2495, 119, 2, 1, '14000000', 33),
(2496, 119, 2, 1, '14000000', 23),
(2497, 119, 2, 1, '16000000', 22),
(2498, 119, 2, 1, '16000000', 33),
(2499, 119, 2, 1, '16000000', 23),
(2500, 119, 2, 1, '11000000', 22),
(2501, 119, 2, 1, '11000000', 33),
(2502, 119, 2, 1, '11000000', 23),
(2503, 119, 3, 2, '14000000', 22),
(2504, 119, 3, 2, '14000000', 33),
(2505, 119, 3, 2, '14000000', 23),
(2506, 119, 3, 2, '16000000', 22),
(2507, 119, 3, 2, '16000000', 33),
(2508, 119, 3, 2, '16000000', 23),
(2509, 119, 3, 2, '11000000', 22),
(2510, 119, 3, 2, '11000000', 33),
(2511, 119, 3, 2, '11000000', 23),
(2512, 119, 3, 4, '14000000', 22),
(2513, 119, 3, 4, '14000000', 33),
(2514, 119, 3, 4, '14000000', 23),
(2515, 119, 3, 4, '16000000', 22),
(2516, 119, 3, 4, '16000000', 33),
(2517, 119, 3, 4, '16000000', 23),
(2518, 119, 3, 4, '11000000', 22),
(2519, 119, 3, 4, '11000000', 33),
(2520, 119, 3, 4, '11000000', 23),
(2521, 119, 3, 1, '14000000', 22),
(2522, 119, 3, 1, '14000000', 33),
(2523, 119, 3, 1, '14000000', 23),
(2524, 119, 3, 1, '16000000', 22),
(2525, 119, 3, 1, '16000000', 33),
(2526, 119, 3, 1, '16000000', 23),
(2527, 119, 3, 1, '11000000', 22),
(2528, 119, 3, 1, '11000000', 33),
(2529, 119, 3, 1, '11000000', 23),
(2530, 119, 5, 2, '14000000', 22),
(2531, 119, 5, 2, '14000000', 33),
(2532, 119, 5, 2, '14000000', 23),
(2533, 119, 5, 2, '16000000', 22),
(2534, 119, 5, 2, '16000000', 33),
(2535, 119, 5, 2, '16000000', 23),
(2536, 119, 5, 2, '11000000', 22),
(2537, 119, 5, 2, '11000000', 33),
(2538, 119, 5, 2, '11000000', 23),
(2539, 119, 5, 4, '14000000', 22),
(2540, 119, 5, 4, '14000000', 33),
(2541, 119, 5, 4, '14000000', 23),
(2542, 119, 5, 4, '16000000', 22),
(2543, 119, 5, 4, '16000000', 33),
(2544, 119, 5, 4, '16000000', 23),
(2545, 119, 5, 4, '11000000', 22),
(2546, 119, 5, 4, '11000000', 33),
(2547, 119, 5, 4, '11000000', 23),
(2548, 119, 5, 1, '14000000', 22),
(2549, 119, 5, 1, '14000000', 33),
(2550, 119, 5, 1, '14000000', 23),
(2551, 119, 5, 1, '16000000', 22),
(2552, 119, 5, 1, '16000000', 33),
(2553, 119, 5, 1, '16000000', 23),
(2554, 119, 5, 1, '11000000', 22),
(2555, 119, 5, 1, '11000000', 33),
(2556, 119, 5, 1, '11000000', 23),
(2558, 121, 2, 2, '20000000', 33),
(2559, 121, 2, 2, '20000000', 44),
(2560, 121, 2, 2, '27000000', 33),
(2561, 121, 2, 2, '27000000', 44),
(2562, 121, 2, 3, '20000000', 33),
(2563, 121, 2, 3, '20000000', 44),
(2564, 121, 2, 3, '27000000', 33),
(2565, 121, 2, 3, '27000000', 44),
(2566, 121, 5, 2, '20000000', 33),
(2567, 121, 5, 2, '20000000', 44),
(2568, 121, 5, 2, '27000000', 33),
(2569, 121, 5, 2, '27000000', 44),
(2570, 121, 5, 3, '20000000', 33),
(2571, 121, 5, 3, '20000000', 44),
(2572, 121, 5, 3, '27000000', 33),
(2573, 121, 5, 3, '27000000', 44);

-- --------------------------------------------------------

--
-- Table structure for table `tb_binhluan`
--

CREATE TABLE `tb_binhluan` (
  `id_binhLuan` int NOT NULL,
  `id_sanPham` int DEFAULT NULL,
  `id_khachHang` int DEFAULT NULL,
  `link_anh` varchar(255) DEFAULT NULL,
  `noiDung` text,
  `thoiGian` datetime DEFAULT CURRENT_TIMESTAMP
) ENGINE=InnoDB DEFAULT CHARSET=utf8mb4 COLLATE=utf8mb4_0900_ai_ci;

-- --------------------------------------------------------

--
-- Table structure for table `tb_chitietdonhang`
--

CREATE TABLE `tb_chitietdonhang` (
  `id_chiTietDonHang` int NOT NULL,
  `id_donHang` int DEFAULT NULL,
  `id_sanPham` int DEFAULT NULL,
  `soLuong` int DEFAULT NULL,
  `gia` decimal(18,2) DEFAULT NULL,
  `tongTien` decimal(18,2) DEFAULT NULL,
  `dungLuong` varchar(255) NOT NULL,
  `mauSac` varchar(255) NOT NULL
) ENGINE=InnoDB DEFAULT CHARSET=utf8mb4 COLLATE=utf8mb4_0900_ai_ci;

--
-- Dumping data for table `tb_chitietdonhang`
--

INSERT INTO `tb_chitietdonhang` (`id_chiTietDonHang`, `id_donHang`, `id_sanPham`, `soLuong`, `gia`, `tongTien`, `dungLuong`, `mauSac`) VALUES
(97, 79, 114, 1, '17000000.00', '17000000.00', '1TB', 'Gold');

-- --------------------------------------------------------

--
-- Table structure for table `tb_danhmuc`
--

CREATE TABLE `tb_danhmuc` (
  `id_danhMuc` int NOT NULL,
  `ten_danhMuc` varchar(255) DEFAULT NULL
) ENGINE=InnoDB DEFAULT CHARSET=utf8mb4 COLLATE=utf8mb4_0900_ai_ci;

--
-- Dumping data for table `tb_danhmuc`
--

INSERT INTO `tb_danhmuc` (`id_danhMuc`, `ten_danhMuc`) VALUES
(2, 'iphone 12'),
(13, 'iphone14'),
(14, 'iphone15'),
(15, 'iphone16'),
(16, 'iphone 11'),
(17, 'iphone 13');

-- --------------------------------------------------------

--
-- Table structure for table `tb_donhang`
--

CREATE TABLE `tb_donhang` (
  `id_donHang` int NOT NULL,
  `tongTien` decimal(18,2) DEFAULT NULL,
  `hinhThucThanhToan` varchar(255) DEFAULT NULL,
  `ngayDatHang` date DEFAULT NULL,
  `trangThai` enum('Đã đặt hàng','Chờ vận chuyển','Đang giao','Đã giao','Đã hủy') CHARACTER SET utf8mb4 COLLATE utf8mb4_0900_ai_ci DEFAULT 'Đã đặt hàng',
  `id_khachHang` int DEFAULT NULL,
  `id_giamGia` int DEFAULT NULL,
  `lyDoHuy` text,
  `id_madonhang` int DEFAULT NULL,
  `diachi_id` int DEFAULT NULL
) ENGINE=InnoDB DEFAULT CHARSET=utf8mb4 COLLATE=utf8mb4_0900_ai_ci;

--
-- Dumping data for table `tb_donhang`
--

INSERT INTO `tb_donhang` (`id_donHang`, `tongTien`, `hinhThucThanhToan`, `ngayDatHang`, `trangThai`, `id_khachHang`, `id_giamGia`, `lyDoHuy`, `id_madonhang`, `diachi_id`) VALUES
(79, '17000000.00', 'Thanh toán khi nhận hàng', '2024-12-07', 'Đã hủy', 3, NULL, NULL, 79, 61);

-- --------------------------------------------------------

--
-- Table structure for table `tb_dungluong`
--

CREATE TABLE `tb_dungluong` (
  `id_dungLuong` int NOT NULL,
  `dungLuong` varchar(255) DEFAULT NULL
) ENGINE=InnoDB DEFAULT CHARSET=utf8mb4 COLLATE=utf8mb4_0900_ai_ci;

--
-- Dumping data for table `tb_dungluong`
--

INSERT INTO `tb_dungluong` (`id_dungLuong`, `dungLuong`) VALUES
(1, '128GB'),
(2, '256GB'),
(3, '1TB'),
(4, '512GB');

-- --------------------------------------------------------

--
-- Table structure for table `tb_giamgia`
--

CREATE TABLE `tb_giamgia` (
  `id_giamGia` int NOT NULL,
  `ten_chuongTrinh` varchar(255) DEFAULT NULL,
  `ma_giamGia` text CHARACTER SET utf8mb4 COLLATE utf8mb4_0900_ai_ci,
  `soTienGiamGia` decimal(18,2) DEFAULT NULL,
  `soTienToiThieu` decimal(18,2) DEFAULT NULL,
  `trangThai` smallint DEFAULT NULL,
  `ngayBatDau` date DEFAULT NULL,
  `ngayKetThuc` date DEFAULT NULL
) ENGINE=InnoDB DEFAULT CHARSET=utf8mb4 COLLATE=utf8mb4_0900_ai_ci;

--
-- Dumping data for table `tb_giamgia`
--

INSERT INTO `tb_giamgia` (`id_giamGia`, `ten_chuongTrinh`, `ma_giamGia`, `soTienGiamGia`, `soTienToiThieu`, `trangThai`, `ngayBatDau`, `ngayKetThuc`) VALUES
(17, 'Giá và khuyến mãi dự kiến áp dụng đến 23:59 | 30/11', 'VNPAYTGDD5 ', '200000.00', '10000000.00', 1, '2024-11-22', '2024-12-22');

-- --------------------------------------------------------

--
-- Table structure for table `tb_giohang`
--

CREATE TABLE `tb_giohang` (
  `id_gioHang` int NOT NULL,
  `id_sanPham` int DEFAULT NULL,
  `soLuong` int DEFAULT NULL,
  `tongTien` decimal(10,2) DEFAULT NULL,
  `dungLuong` varchar(255) NOT NULL,
  `gia` decimal(65,0) NOT NULL,
  `id_khachHang` int DEFAULT NULL,
  `mauSac` varchar(255) NOT NULL
) ENGINE=InnoDB DEFAULT CHARSET=utf8mb4 COLLATE=utf8mb4_0900_ai_ci;

-- --------------------------------------------------------

--
-- Table structure for table `tb_khachhang`
--

CREATE TABLE `tb_khachhang` (
  `id_khachHang` int NOT NULL,
  `ten_khachHang` varchar(255) DEFAULT NULL,
  `email` varchar(255) DEFAULT NULL,
  `matKhau` varchar(50) DEFAULT NULL,
  `phanQuyen` enum('admin','user') CHARACTER SET utf8mb4 COLLATE utf8mb4_0900_ai_ci DEFAULT 'user',
  `ngayDangKi` date DEFAULT NULL,
  `ngayCapNhap` date DEFAULT NULL,
  `soDienThoai` int DEFAULT NULL,
  `matKhau_2` varchar(255) NOT NULL
) ENGINE=InnoDB DEFAULT CHARSET=utf8mb4 COLLATE=utf8mb4_0900_ai_ci;

--
-- Dumping data for table `tb_khachhang`
--

INSERT INTO `tb_khachhang` (`id_khachHang`, `ten_khachHang`, `email`, `matKhau`, `phanQuyen`, `ngayDangKi`, `ngayCapNhap`, `soDienThoai`, `matKhau_2`) VALUES
(2, 'Kiều Trí Tiếp', 'Kieutiep541@gmail.com', '123456', 'admin', '2024-11-16', NULL, 962874491, ''),
(3, 'Đào Văn Bình', 'binhdao25@gmail.com', '123456', 'user', '2024-11-16', NULL, 962874492, ''),
(21, 'Kiều Tiếp', 'kieutiep88888@gmail.com', '123456', 'user', '2024-12-18', NULL, 962874491, '123456');

-- --------------------------------------------------------

--
-- Table structure for table `tb_mausac`
--

CREATE TABLE `tb_mausac` (
  `id_mauSac` int NOT NULL,
  `ten_mauSac` varchar(255) DEFAULT NULL,
  `maMau` varchar(255) DEFAULT NULL
) ENGINE=InnoDB DEFAULT CHARSET=utf8mb4 COLLATE=utf8mb4_0900_ai_ci;

--
-- Dumping data for table `tb_mausac`
--

INSERT INTO `tb_mausac` (`id_mauSac`, `ten_mauSac`, `maMau`) VALUES
(2, 'Đen ', '1C1C1E '),
(3, 'Trắng', 'F5F5F7 '),
(4, 'Tím', '800080'),
(5, 'Gold', 'D4AF37');

-- --------------------------------------------------------

--
-- Table structure for table `tb_ram`
--

CREATE TABLE `tb_ram` (
  `id_ram` int NOT NULL,
  `ram` varchar(255) DEFAULT NULL
) ENGINE=InnoDB DEFAULT CHARSET=utf8mb4 COLLATE=utf8mb4_0900_ai_ci;

--
-- Dumping data for table `tb_ram`
--

INSERT INTO `tb_ram` (`id_ram`, `ram`) VALUES
(5, '16GB'),
(6, '32GB');

-- --------------------------------------------------------

--
-- Table structure for table `tb_sanpham`
--

CREATE TABLE `tb_sanpham` (
  `id_sanPham` int NOT NULL,
  `id_danhMuc` int DEFAULT NULL,
  `ten_sanPham` varchar(255) DEFAULT NULL,
  `moTa` text,
  `trangThaiTonKho` tinyint(1) DEFAULT NULL,
  `hienThi` tinyint(1) DEFAULT NULL
) ENGINE=InnoDB DEFAULT CHARSET=utf8mb4 COLLATE=utf8mb4_0900_ai_ci;

--
-- Dumping data for table `tb_sanpham`
--

INSERT INTO `tb_sanpham` (`id_sanPham`, `id_danhMuc`, `ten_sanPham`, `moTa`, `trangThaiTonKho`, `hienThi`) VALUES
(113, 15, 'iphone 15 promax', 'Iphone bán chạy nhất thời điểm hiện tại', NULL, 1),
(114, 15, 'iphone 16 Plus', 'Iphone bán chạy nhất thời điểm hiện tại', NULL, 1),
(117, 14, 'iphone 15 promax', 'iphone bán chạy nhất thời điểm hiện tại', NULL, 1),
(118, 14, 'iphone 15 promax', 'iphone bán chạy nhất thời điểm hiện tại', NULL, 1),
(119, 14, 'iphone 15 promax', 'iphone bán chạy nhất thời điểm hiện tại', NULL, 1),
(121, 14, 'iphone 15 promax', 'ok', NULL, 1);

--
-- Indexes for dumped tables
--

--
-- Indexes for table `diachi`
--
ALTER TABLE `diachi`
  ADD PRIMARY KEY (`id_diaChi`),
  ADD KEY `id_khachHang` (`id_khachHang`);

--
-- Indexes for table `madonhang`
--
ALTER TABLE `madonhang`
  ADD PRIMARY KEY (`id`);

--
-- Indexes for table `tb_anh`
--
ALTER TABLE `tb_anh`
  ADD PRIMARY KEY (`id_anh`),
  ADD KEY `id_sanPham` (`id_sanPham`);

--
-- Indexes for table `tb_bienthesanpham`
--
ALTER TABLE `tb_bienthesanpham`
  ADD PRIMARY KEY (`id_sanPhamBiếnThe`),
  ADD KEY `id_sanPham` (`id_sanPham`),
  ADD KEY `id_mauSac` (`id_mauSac`),
  ADD KEY `id_dungLuong` (`id_dungLuong`);

--
-- Indexes for table `tb_binhluan`
--
ALTER TABLE `tb_binhluan`
  ADD PRIMARY KEY (`id_binhLuan`),
  ADD KEY `id_sanPham` (`id_sanPham`),
  ADD KEY `id_khachHang` (`id_khachHang`);

--
-- Indexes for table `tb_chitietdonhang`
--
ALTER TABLE `tb_chitietdonhang`
  ADD PRIMARY KEY (`id_chiTietDonHang`),
  ADD KEY `id_donHang` (`id_donHang`),
  ADD KEY `id_sanPham` (`id_sanPham`);

--
-- Indexes for table `tb_danhmuc`
--
ALTER TABLE `tb_danhmuc`
  ADD PRIMARY KEY (`id_danhMuc`);

--
-- Indexes for table `tb_donhang`
--
ALTER TABLE `tb_donhang`
  ADD PRIMARY KEY (`id_donHang`),
  ADD KEY `id_khachHang` (`id_khachHang`),
  ADD KEY `id_giamGia` (`id_giamGia`),
  ADD KEY `fk_madonhang` (`id_madonhang`),
  ADD KEY `fk_donhang_diachi` (`diachi_id`);

--
-- Indexes for table `tb_dungluong`
--
ALTER TABLE `tb_dungluong`
  ADD PRIMARY KEY (`id_dungLuong`);

--
-- Indexes for table `tb_giamgia`
--
ALTER TABLE `tb_giamgia`
  ADD PRIMARY KEY (`id_giamGia`);

--
-- Indexes for table `tb_giohang`
--
ALTER TABLE `tb_giohang`
  ADD PRIMARY KEY (`id_gioHang`),
  ADD KEY `id_sanPham` (`id_sanPham`),
  ADD KEY `fk_khachHang` (`id_khachHang`);

--
-- Indexes for table `tb_khachhang`
--
ALTER TABLE `tb_khachhang`
  ADD PRIMARY KEY (`id_khachHang`);

--
-- Indexes for table `tb_mausac`
--
ALTER TABLE `tb_mausac`
  ADD PRIMARY KEY (`id_mauSac`);

--
-- Indexes for table `tb_ram`
--
ALTER TABLE `tb_ram`
  ADD PRIMARY KEY (`id_ram`);

--
-- Indexes for table `tb_sanpham`
--
ALTER TABLE `tb_sanpham`
  ADD PRIMARY KEY (`id_sanPham`),
  ADD KEY `id_danhMuc` (`id_danhMuc`);

--
-- AUTO_INCREMENT for dumped tables
--

--
-- AUTO_INCREMENT for table `diachi`
--
ALTER TABLE `diachi`
  MODIFY `id_diaChi` int NOT NULL AUTO_INCREMENT, AUTO_INCREMENT=67;

--
-- AUTO_INCREMENT for table `madonhang`
--
ALTER TABLE `madonhang`
  MODIFY `id` int NOT NULL AUTO_INCREMENT, AUTO_INCREMENT=80;

--
-- AUTO_INCREMENT for table `tb_anh`
--
ALTER TABLE `tb_anh`
  MODIFY `id_anh` int NOT NULL AUTO_INCREMENT, AUTO_INCREMENT=466;

--
-- AUTO_INCREMENT for table `tb_bienthesanpham`
--
ALTER TABLE `tb_bienthesanpham`
  MODIFY `id_sanPhamBiếnThe` int NOT NULL AUTO_INCREMENT, AUTO_INCREMENT=2574;

--
-- AUTO_INCREMENT for table `tb_binhluan`
--
ALTER TABLE `tb_binhluan`
  MODIFY `id_binhLuan` int NOT NULL AUTO_INCREMENT;

--
-- AUTO_INCREMENT for table `tb_chitietdonhang`
--
ALTER TABLE `tb_chitietdonhang`
  MODIFY `id_chiTietDonHang` int NOT NULL AUTO_INCREMENT, AUTO_INCREMENT=98;

--
-- AUTO_INCREMENT for table `tb_danhmuc`
--
ALTER TABLE `tb_danhmuc`
  MODIFY `id_danhMuc` int NOT NULL AUTO_INCREMENT, AUTO_INCREMENT=18;

--
-- AUTO_INCREMENT for table `tb_donhang`
--
ALTER TABLE `tb_donhang`
  MODIFY `id_donHang` int NOT NULL AUTO_INCREMENT, AUTO_INCREMENT=80;

--
-- AUTO_INCREMENT for table `tb_dungluong`
--
ALTER TABLE `tb_dungluong`
  MODIFY `id_dungLuong` int NOT NULL AUTO_INCREMENT, AUTO_INCREMENT=5;

--
-- AUTO_INCREMENT for table `tb_giamgia`
--
ALTER TABLE `tb_giamgia`
  MODIFY `id_giamGia` int NOT NULL AUTO_INCREMENT, AUTO_INCREMENT=18;

--
-- AUTO_INCREMENT for table `tb_giohang`
--
ALTER TABLE `tb_giohang`
  MODIFY `id_gioHang` int NOT NULL AUTO_INCREMENT, AUTO_INCREMENT=124;

--
-- AUTO_INCREMENT for table `tb_khachhang`
--
ALTER TABLE `tb_khachhang`
  MODIFY `id_khachHang` int NOT NULL AUTO_INCREMENT, AUTO_INCREMENT=22;

--
-- AUTO_INCREMENT for table `tb_mausac`
--
ALTER TABLE `tb_mausac`
  MODIFY `id_mauSac` int NOT NULL AUTO_INCREMENT, AUTO_INCREMENT=6;

--
-- AUTO_INCREMENT for table `tb_ram`
--
ALTER TABLE `tb_ram`
  MODIFY `id_ram` int NOT NULL AUTO_INCREMENT, AUTO_INCREMENT=7;

--
-- AUTO_INCREMENT for table `tb_sanpham`
--
ALTER TABLE `tb_sanpham`
  MODIFY `id_sanPham` int NOT NULL AUTO_INCREMENT, AUTO_INCREMENT=122;

--
-- Constraints for dumped tables
--

--
-- Constraints for table `diachi`
--
ALTER TABLE `diachi`
  ADD CONSTRAINT `diachi_ibfk_1` FOREIGN KEY (`id_khachHang`) REFERENCES `tb_khachhang` (`id_khachHang`);

--
-- Constraints for table `tb_bienthesanpham`
--
ALTER TABLE `tb_bienthesanpham`
  ADD CONSTRAINT `tb_bienthesanpham_ibfk_1` FOREIGN KEY (`id_sanPham`) REFERENCES `tb_sanpham` (`id_sanPham`),
  ADD CONSTRAINT `tb_bienthesanpham_ibfk_2` FOREIGN KEY (`id_mauSac`) REFERENCES `tb_mausac` (`id_mauSac`),
  ADD CONSTRAINT `tb_bienthesanpham_ibfk_3` FOREIGN KEY (`id_dungLuong`) REFERENCES `tb_dungluong` (`id_dungLuong`);

--
-- Constraints for table `tb_binhluan`
--
ALTER TABLE `tb_binhluan`
  ADD CONSTRAINT `tb_binhluan_ibfk_1` FOREIGN KEY (`id_sanPham`) REFERENCES `tb_sanpham` (`id_sanPham`),
  ADD CONSTRAINT `tb_binhluan_ibfk_2` FOREIGN KEY (`id_khachHang`) REFERENCES `tb_khachhang` (`id_khachHang`);

--
-- Constraints for table `tb_chitietdonhang`
--
ALTER TABLE `tb_chitietdonhang`
  ADD CONSTRAINT `tb_chitietdonhang_ibfk_1` FOREIGN KEY (`id_donHang`) REFERENCES `tb_donhang` (`id_donHang`),
  ADD CONSTRAINT `tb_chitietdonhang_ibfk_2` FOREIGN KEY (`id_sanPham`) REFERENCES `tb_sanpham` (`id_sanPham`);

--
-- Constraints for table `tb_donhang`
--
ALTER TABLE `tb_donhang`
  ADD CONSTRAINT `fk_donhang_diachi` FOREIGN KEY (`diachi_id`) REFERENCES `diachi` (`id_diaChi`),
  ADD CONSTRAINT `fk_madonhang` FOREIGN KEY (`id_madonhang`) REFERENCES `madonhang` (`id`),
  ADD CONSTRAINT `tb_donhang_ibfk_1` FOREIGN KEY (`id_khachHang`) REFERENCES `tb_khachhang` (`id_khachHang`),
  ADD CONSTRAINT `tb_donhang_ibfk_2` FOREIGN KEY (`id_giamGia`) REFERENCES `tb_giamgia` (`id_giamGia`);

--
-- Constraints for table `tb_giohang`
--
ALTER TABLE `tb_giohang`
  ADD CONSTRAINT `fk_khachHang` FOREIGN KEY (`id_khachHang`) REFERENCES `tb_khachhang` (`id_khachHang`),
  ADD CONSTRAINT `tb_giohang_ibfk_1` FOREIGN KEY (`id_sanPham`) REFERENCES `tb_sanpham` (`id_sanPham`);

--
-- Constraints for table `tb_sanpham`
--
ALTER TABLE `tb_sanpham`
  ADD CONSTRAINT `tb_sanpham_ibfk_1` FOREIGN KEY (`id_danhMuc`) REFERENCES `tb_danhmuc` (`id_danhMuc`);
COMMIT;

/*!40101 SET CHARACTER_SET_CLIENT=@OLD_CHARACTER_SET_CLIENT */;
/*!40101 SET CHARACTER_SET_RESULTS=@OLD_CHARACTER_SET_RESULTS */;
/*!40101 SET COLLATION_CONNECTION=@OLD_COLLATION_CONNECTION */;
